comment_id,username,nickname,comment,create_time,avatar,total_reply,replies,aweme_id
7418430287463695110,inyourdream771,perdanawildanzz,imi rambut bulan bulan awal 2023 kalp gasalah,1727237913,https://p16-sign-sg.tiktokcdn.com/tos-alisg-avt-0068/8791777cec582bceed192638f5ceee61~tplv-tiktokx-cropcenter:100:100.jpg?dr=14579&refresh_token=a1184a79&x-expires=1755838800&x-signature=rUNmo2uLq8u0PE3YYI6Md5sNMTI%3D&t=4d5b0474&ps=13740610&shp=30310797&shcp=ff37627b&idc=my,1,"[{'comment_id': '7431442022466650885', 'username': 'fall.for.yo', 'nickname': 'fall for yo', 'comment': 'benerrr, masih inget kak üò≠ü§ùüèº', 'create_time': 1730267446, 'avatar': 'https://p16-sign-va.tiktokcdn.com/tos-maliva-avt-0068/6568d61520850f217b4d4aee40a79ff1~tplv-tiktokx-cropcenter:100:100.jpg?dr=14579&refresh_token=bcd7b31b&x-expires=1755838800&x-signature=pw37gdc8cAlcpqH1QlYsMYosvs0%3D&t=4d5b0474&ps=13740610&shp=30310797&shcp=ff37627b&idc=my', 'total_reply': None, 'replies': []}]",7418294751977327878
7418369356578587398,starssiantihero,Bin. üçµ,anu... üíç,1727223719,https://p16-sign-va.tiktokcdn.com/tos-maliva-avt-0068/36e3b22667a5a29d5bd386d2d93e50c0~tplv-tiktokx-cropcenter:100:100.jpg?dr=14579&refresh_token=d4cb2007&x-expires=1755838800&x-signature=UMBm1bli%2BLxSXUGSNfmqgLm%2Fhrc%3D&t=4d5b0474&ps=13740610&shp=30310797&shcp=ff37627b&idc=my,1,"[{'comment_id': '7431442397193716485', 'username': 'fall.for.yo', 'nickname': 'fall for yo', 'comment': 'ak mw sepuluh üòú', 'create_time': 1730267528, 'avatar': 'https://p16-sign-va.tiktokcdn.com/tos-maliva-avt-0068/6568d61520850f217b4d4aee40a79ff1~tplv-tiktokx-cropcenter:100:100.jpg?dr=14579&refresh_token=bcd7b31b&x-expires=1755838800&x-signature=pw37gdc8cAlcpqH1QlYsMYosvs0%3D&t=4d5b0474&ps=13740610&shp=30310797&shcp=ff37627b&idc=my', 'total_reply': None, 'replies': []}]",7418294751977327878
7418575915603985158,tvupifyp100,Dunia Hobby Upi,fypüò≥üò≥üòäüòäanime,1727271821,https://p16-sign-va.tiktokcdn.com/tos-maliva-avt-0068/34c4654edb2503848ad1430dafde1b69~tplv-tiktokx-cropcenter:100:100.jpg?dr=14579&refresh_token=0c08c993&x-expires=1755838800&x-signature=Ewlus0bHacz8eL62vezVcMU5ifQ%3D&t=4d5b0474&ps=13740610&shp=30310797&shcp=ff37627b&idc=my,0,[],7418294751977327878
7418333516158829317,spcrkn,„Çâ„Åè„Éº„Çì,Kak,1727215379,https://p16-sign-sg.tiktokcdn.com/tos-alisg-avt-0068/ed291c95f05f3759be92a979ae2188f4~tplv-tiktokx-cropcenter:100:100.jpg?dr=14579&refresh_token=dbb5fc87&x-expires=1755838800&x-signature=xTjkt1BSP4B5re%2B1Tb5m377owCM%3D&t=4d5b0474&ps=13740610&shp=30310797&shcp=ff37627b&idc=my,1,"[{'comment_id': '7431442219682726662', 'username': 'fall.for.yo', 'nickname': 'fall for yo', 'comment': 'kak', 'create_time': 1730267491, 'avatar': 'https://p16-sign-va.tiktokcdn.com/tos-maliva-avt-0068/6568d61520850f217b4d4aee40a79ff1~tplv-tiktokx-cropcenter:100:100.jpg?dr=14579&refresh_token=bcd7b31b&x-expires=1755838800&x-signature=pw37gdc8cAlcpqH1QlYsMYosvs0%3D&t=4d5b0474&ps=13740610&shp=30310797&shcp=ff37627b&idc=my', 'total_reply': None, 'replies': []}]",7418294751977327878
7418342418900714245,aditya.kurniawan38,Aditya Kurniawan,apa ini?ü•∫,1727217451,https://p16-sign-va.tiktokcdn.com/tos-maliva-avt-0068/7390551160590172166~tplv-tiktokx-cropcenter:100:100.jpg?dr=14579&refresh_token=7553fbe7&x-expires=1755838800&x-signature=HqpNGWh%2BVwjHCm%2Bw4ND%2BGJmz%2B2A%3D&t=4d5b0474&ps=13740610&shp=30310797&shcp=ff37627b&idc=my,1,"[{'comment_id': '7431442204071953157', 'username': 'fall.for.yo', 'nickname': 'fall for yo', 'comment': 'tikus pink üòú', 'create_time': 1730267488, 'avatar': 'https://p16-sign-va.tiktokcdn.com/tos-maliva-avt-0068/6568d61520850f217b4d4aee40a79ff1~tplv-tiktokx-cropcenter:100:100.jpg?dr=14579&refresh_token=bcd7b31b&x-expires=1755838800&x-signature=pw37gdc8cAlcpqH1QlYsMYosvs0%3D&t=4d5b0474&ps=13740610&shp=30310797&shcp=ff37627b&idc=my', 'total_reply': None, 'replies': []}]",7418294751977327878
7418297531752661766,paiiizyahoo,PaiiiZ Yahoo,p,1727207000,https://p16-sign-sg.tiktokcdn.com/tos-alisg-avt-0068/7335388471235706901~tplv-tiktokx-cropcenter:100:100.jpg?dr=14579&refresh_token=90040804&x-expires=1755838800&x-signature=4psOVe2JZ1XRBnhYDdNqdD47iu0%3D&t=4d5b0474&ps=13740610&shp=30310797&shcp=ff37627b&idc=my,1,"[{'comment_id': '7418300928664552197', 'username': 'fall.for.yo', 'nickname': 'fall for yo', 'comment': 'p', 'create_time': 1727207787, 'avatar': 'https://p16-sign-va.tiktokcdn.com/tos-maliva-avt-0068/6568d61520850f217b4d4aee40a79ff1~tplv-tiktokx-cropcenter:100:100.jpg?dr=14579&refresh_token=bcd7b31b&x-expires=1755838800&x-signature=pw37gdc8cAlcpqH1QlYsMYosvs0%3D&t=4d5b0474&ps=13740610&shp=30310797&shcp=ff37627b&idc=my', 'total_reply': None, 'replies': []}]",7418294751977327878
7418957932345705221,lanaishaq,Lana Ishaq,tiba tiba yochan muncul disinii,1727360759,https://p16-sign-va.tiktokcdn.com/tos-maliva-avt-0068/672b0f84b409e0049cb7387381de5b2a~tplv-tiktokx-cropcenter:100:100.jpg?dr=14579&refresh_token=2243a9d2&x-expires=1755838800&x-signature=LXUiGCrnjpInrsQGiXtQBoV92rU%3D&t=4d5b0474&ps=13740610&shp=30310797&shcp=ff37627b&idc=my,1,"[{'comment_id': '7431442289874944774', 'username': 'fall.for.yo', 'nickname': 'fall for yo', 'comment': 'hai lanaaaa ü§üüèª', 'create_time': 1730267511, 'avatar': 'https://p16-sign-va.tiktokcdn.com/tos-maliva-avt-0068/6568d61520850f217b4d4aee40a79ff1~tplv-tiktokx-cropcenter:100:100.jpg?dr=14579&refresh_token=bcd7b31b&x-expires=1755838800&x-signature=pw37gdc8cAlcpqH1QlYsMYosvs0%3D&t=4d5b0474&ps=13740610&shp=30310797&shcp=ff37627b&idc=my', 'total_reply': None, 'replies': []}]",7418294751977327878
7418409665316406022,rizcorza7,Corza7,Apa si cakep mulu yocannnnnü•∞ü•∞,1727233113,https://p16-sign-va.tiktokcdn.com/tos-maliva-avt-0068/b7139cd1b6b18e582826a2049ca99924~tplv-tiktokx-cropcenter:100:100.jpg?dr=14579&refresh_token=f8a68ade&x-expires=1755838800&x-signature=VyMdnL9VGBQ9oI7tD9ysrzbH%2F3E%3D&t=4d5b0474&ps=13740610&shp=30310797&shcp=ff37627b&idc=my,0,[],7418294751977327878
7419196496656777989,helen_rcm,üí´Helen‚ú®,Assalamualaikum üåπüåπüåπ,1727416310,https://p16-sign-sg.tiktokcdn.com/tos-alisg-avt-0068/2829de7e54903b980872b800a38efc13~tplv-tiktokx-cropcenter:100:100.jpg?dr=14579&refresh_token=fb33e3c4&x-expires=1755838800&x-signature=ktetW2LyoVOGr42wE6d9H33zSkM%3D&t=4d5b0474&ps=13740610&shp=30310797&shcp=ff37627b&idc=my,0,[],7418294751977327878
7419248482387313414,rifky_pridantyo,'ùòºùôà_leo boy ‚ôåüëëüéà,salken ya heheh,1727428415,https://p16-sign-sg.tiktokcdn.com/tos-alisg-avt-0068/c063a3598d178e7751af9cdc45c43c63~tplv-tiktokx-cropcenter:100:100.jpg?dr=14579&refresh_token=ce2ac1d7&x-expires=1755838800&x-signature=1q91yRpdsIXjUS7NjSR0uBBolDI%3D&t=4d5b0474&ps=13740610&shp=30310797&shcp=ff37627b&idc=my,0,[],7418294751977327878
7418420315850457862,moriyafirefox,„É¢„É™„É§„Éªfzn,hurunk gini geysss ‚ú®,1727235593,https://p16-sign-sg.tiktokcdn.com/tos-alisg-avt-0068/d47582eaf13f2fc4d80e6197d4cc2f19~tplv-tiktokx-cropcenter:100:100.jpg?dr=14579&refresh_token=0ac62642&x-expires=1755838800&x-signature=5G3nEH1Hj9WrwGG0AYmZHjYxVy0%3D&t=4d5b0474&ps=13740610&shp=30310797&shcp=ff37627b&idc=my,0,[],7418294751977327878
7418351039286182661,haekalrinaldi,Haekal Rinaldi,yochaaanng üíñ,1727219458,https://p16-sign-va.tiktokcdn.com/tos-maliva-avt-0068/694f7afca1a336ad1a9a61cf960b2729~tplv-tiktokx-cropcenter:100:100.jpg?dr=14579&refresh_token=c1246149&x-expires=1755838800&x-signature=CCL6RgNDZaA2AJ5hPNUqjSXKwAI%3D&t=4d5b0474&ps=13740610&shp=30310797&shcp=ff37627b&idc=my,0,[],7418294751977327878
7418385656126292742,arfin_hosino,Arfin Adhipradana üêª,ahh lucu banget mbak bumi ini ü•∞,1727227518,https://p16-sign-sg.tiktokcdn.com/tos-alisg-avt-0068/2388fa66c2409ae48ce83247606e91d4~tplv-tiktokx-cropcenter:100:100.jpg?dr=14579&refresh_token=5266a876&x-expires=1755838800&x-signature=S6ObdFvTDqx47TXxLy5rhqTMHnY%3D&t=4d5b0474&ps=13740610&shp=30310797&shcp=ff37627b&idc=my,0,[],7418294751977327878
7418430545748673287,ihan_raihan28,ihan Raihan,üçÄü©∑‚ú®,1727237963,https://p16-sign-va.tiktokcdn.com/tos-maliva-avt-0068/8eab128d3bde35b69b08b286e68b6056~tplv-tiktokx-cropcenter:100:100.jpg?dr=14579&refresh_token=a967ddac&x-expires=1755838800&x-signature=3OjaWUObVPZSwsK6wkdoxkGUZBg%3D&t=4d5b0474&ps=13740610&shp=30310797&shcp=ff37627b&idc=my,0,[],7418294751977327878
7418388381934158597,kecoa.karbu,-Coro-,lucu terus,1727228157,https://p16-common-sign-useastred.tiktokcdn-eu.com/tos-useast2a-avt-0068-giso/6084a2e987b3d8afd1993dc0e3786f28~tplv-tiktokx-cropcenter:100:100.jpg?dr=14579&refresh_token=71b6d564&x-expires=1755838800&x-signature=mHQLIXducChGOuUCCqhHi0FqCvQ%3D&t=4d5b0474&ps=13740610&shp=30310797&shcp=ff37627b&idc=my,0,[],7418294751977327878
7418493767806288646,xxla.y,lalapowhüß∏,My oshiiü•∞,1727252696,https://p16-sign-sg.tiktokcdn.com/tos-alisg-avt-0068/bb43f2b5b3f64fce89b9fec9f0f9ba03~tplv-tiktokx-cropcenter:100:100.jpg?dr=14579&refresh_token=1bd87fc2&x-expires=1755838800&x-signature=9UBTZ4SMeuqvMAJsIg%2BesrxyJxU%3D&t=4d5b0474&ps=13740610&shp=30310797&shcp=ff37627b&idc=my,0,[],7418294751977327878
7419180041295266565,iamanna_002,Annaüçá,HalooüòÅ,1727412479,https://p16-sign-va.tiktokcdn.com/tos-maliva-avt-0068/16c8ab76e783d0eec3abb1ee52aeddb7~tplv-tiktokx-cropcenter:100:100.jpg?dr=14579&refresh_token=0a2a25b7&x-expires=1755838800&x-signature=mvbZZUTL73MJe2%2BTgiTPDDtaW6U%3D&t=4d5b0474&ps=13740610&shp=30310797&shcp=ff37627b&idc=my,0,[],7418294751977327878
7419190192664232709,genera308,SPENDER_Delia,Halo kakü§óüíïüíï,1727414845,https://p16-sign-sg.tiktokcdn.com/tos-alisg-avt-0068/25aa88b50f5da2ce4b5d7f07d1fee685~tplv-tiktokx-cropcenter:100:100.jpg?dr=14579&refresh_token=782a1468&x-expires=1755838800&x-signature=Zfy3DTIE0TxiL7dasHd4LabEWWM%3D&t=4d5b0474&ps=13740610&shp=30310797&shcp=ff37627b&idc=my,0,[],7418294751977327878
7419334072864015122,lily_jss,Lily,Hey cntk follow back sy ü•∞ü•∞üòä,1727448330,https://p16-sign-sg.tiktokcdn.com/tos-alisg-avt-0068/e9da5ddc3e3a872ddde5d9c721b314ec~tplv-tiktokx-cropcenter:100:100.jpg?dr=14579&refresh_token=e4c08868&x-expires=1755838800&x-signature=3KZry9KtCyb%2BsFyltJyaFDnUm4g%3D&t=4d5b0474&ps=13740610&shp=30310797&shcp=ff37627b&idc=my,0,[],7418294751977327878
7418491557803131654,sudesnusap,Raenand,@hyungseokk11 katanya mau nonton gochi,1727252188,https://p16-sign-va.tiktokcdn.com/tos-maliva-avt-0068/e22183980e38009863f3d807ff07c0ed~tplv-tiktokx-cropcenter:100:100.jpg?dr=14579&refresh_token=6713da9f&x-expires=1755838800&x-signature=vROu8iCcW0RMWmA2MAnZdtDbz%2Fg%3D&t=4d5b0474&ps=13740610&shp=30310797&shcp=ff37627b&idc=my,2,"[{'comment_id': '7431441988999971590', 'username': 'fall.for.yo', 'nickname': 'fall for yo', 'comment': 'ditunggu:3', 'create_time': 1730267434, 'avatar': 'https://p16-sign-va.tiktokcdn.com/tos-maliva-avt-0068/6568d61520850f217b4d4aee40a79ff1~tplv-tiktokx-cropcenter:100:100.jpg?dr=14579&refresh_token=bcd7b31b&x-expires=1755838800&x-signature=pw37gdc8cAlcpqH1QlYsMYosvs0%3D&t=4d5b0474&ps=13740610&shp=30310797&shcp=ff37627b&idc=my', 'total_reply': None, 'replies': []}, {'comment_id': '7419153469528113925', 'username': 'hyungseokk11', 'nickname': 'Parkhyungseok11', 'comment': 'gasss', 'create_time': 1727406296, 'avatar': 'https://p16-common-sign-useastred.tiktokcdn-eu.com/tos-useast2a-avt-0068-giso/9fd00a5e87c6192f002bb726f5c033ce~tplv-tiktokx-cropcenter:100:100.jpg?dr=14579&refresh_token=71f818ae&x-expires=1755838800&x-signature=o3ZF302E9AOg%2FqYr2gaQZ9aq9ZY%3D&t=4d5b0474&ps=13740610&shp=30310797&shcp=ff37627b&idc=my', 'total_reply': None, 'replies': []}]",7418294751977327878
7419994842392331025,newworld_778,newworld_77,üöÇüöÇüöÇüéÅüéÅüéÅ,1727602191,https://p16-sign-sg.tiktokcdn.com/tos-alisg-avt-0068/2c561cda61d019e3662504a5d3e33360~tplv-tiktokx-cropcenter:100:100.jpg?dr=14579&refresh_token=d98315f1&x-expires=1755838800&x-signature=OOWV5y%2FjJwQIJrv%2FNJoYqxL%2BT9s%3D&t=4d5b0474&ps=13740610&shp=30310797&shcp=ff37627b&idc=my,0,[],7418294751977327878
7418486523685716741,lhnkismael,bremen,‚ô•Ô∏è,1727251011,https://p16-sign-sg.tiktokcdn.com/tos-alisg-avt-0068/fa3dcead2afc4151d588f78cf83618e6~tplv-tiktokx-cropcenter:100:100.jpg?dr=14579&refresh_token=0b49d81b&x-expires=1755838800&x-signature=coBgDhq1DL8MLJYzJQMXvBfIrMA%3D&t=4d5b0474&ps=13740610&shp=30310797&shcp=ff37627b&idc=my,0,[],7418294751977327878
7418542111111742214,kujwu,Kuju,mode buah naga üò≥,1727263950,https://p16-sign-va.tiktokcdn.com/tos-maliva-avt-0068/ceba6389e2851632afd7f202c88db569~tplv-tiktokx-cropcenter:100:100.jpg?dr=14579&refresh_token=4ae331fa&x-expires=1755838800&x-signature=WVNR3mHJEMjOLHvWF7tyEszzf%2BU%3D&t=4d5b0474&ps=13740610&shp=30310797&shcp=ff37627b&idc=my,0,[],7418294751977327878
7419180036514120453,iamanna_002,Annaüçá,"üî•Sya sudah mengirim psan pribadi ada ide yg menguntungkan kk nya , üî•sya tunggu tanggapan kk nya ya‚òÑÔ∏èü•∞",1727412482,https://p16-sign-va.tiktokcdn.com/tos-maliva-avt-0068/16c8ab76e783d0eec3abb1ee52aeddb7~tplv-tiktokx-cropcenter:100:100.jpg?dr=14579&refresh_token=0a2a25b7&x-expires=1755838800&x-signature=mvbZZUTL73MJe2%2BTgiTPDDtaW6U%3D&t=4d5b0474&ps=13740610&shp=30310797&shcp=ff37627b&idc=my,0,[],7418294751977327878
7419727908501357318,_dubito,Dubito,"""hari ini rambut nya warna apa kak yo""",1727540033,https://p16-sign-sg.tiktokcdn.com/tos-alisg-avt-0068/a5e2fb8a4f885f9a1471d51e1a0a69cd~tplv-tiktokx-cropcenter:100:100.jpg?dr=14579&refresh_token=3f014e9d&x-expires=1755838800&x-signature=fBpkXQ%2FES%2BbRcLhazRwyxhcxWOo%3D&t=4d5b0474&ps=13740610&shp=30310797&shcp=ff37627b&idc=my,1,"[{'comment_id': '7431442613130281734', 'username': 'fall.for.yo', 'nickname': 'fall for yo', 'comment': 'HAHAHAHA üò≠', 'create_time': 1730267588, 'avatar': 'https://p16-sign-va.tiktokcdn.com/tos-maliva-avt-0068/6568d61520850f217b4d4aee40a79ff1~tplv-tiktokx-cropcenter:100:100.jpg?dr=14579&refresh_token=bcd7b31b&x-expires=1755838800&x-signature=pw37gdc8cAlcpqH1QlYsMYosvs0%3D&t=4d5b0474&ps=13740610&shp=30310797&shcp=ff37627b&idc=my', 'total_reply': None, 'replies': []}]",7418294751977327878
7418543439006647045,yustinusadi6,ADI WIBUüç´,mirip freya jkt48,1727264257,https://p16-sign-sg.tiktokcdn.com/tos-alisg-avt-0068/7b57f185915ce4a08367953ffed485e2~tplv-tiktokx-cropcenter:100:100.jpg?dr=14579&refresh_token=8a27f4db&x-expires=1755838800&x-signature=zzWEbTeGZr%2FTflKEwNRPAubhOVU%3D&t=4d5b0474&ps=13740610&shp=30310797&shcp=ff37627b&idc=my,1,"[{'comment_id': '7431442575272231685', 'username': 'fall.for.yo', 'nickname': 'fall for yo', 'comment': 'aamiin banget üò≠üò≠üò≠üò≠', 'create_time': 1730267575, 'avatar': 'https://p16-sign-va.tiktokcdn.com/tos-maliva-avt-0068/6568d61520850f217b4d4aee40a79ff1~tplv-tiktokx-cropcenter:100:100.jpg?dr=14579&refresh_token=bcd7b31b&x-expires=1755838800&x-signature=pw37gdc8cAlcpqH1QlYsMYosvs0%3D&t=4d5b0474&ps=13740610&shp=30310797&shcp=ff37627b&idc=my', 'total_reply': None, 'replies': []}]",7418294751977327878
7418321561776423685,nemo0.14,Nemoüêü,gasss pink lagi kak lucuuuuü•∞,1727212596,https://p16-sign-va.tiktokcdn.com/tos-maliva-avt-0068/0ab572427ba94e908d6e5a768c621ebf~tplv-tiktokx-cropcenter:100:100.jpg?dr=14579&refresh_token=321a38a3&x-expires=1755838800&x-signature=yLQ0xQO7YC%2FXVzNmCpFMKUd%2Fl04%3D&t=4d5b0474&ps=13740610&shp=30310797&shcp=ff37627b&idc=my,1,"[{'comment_id': '7431442530883863302', 'username': 'fall.for.yo', 'nickname': 'fall for yo', 'comment': 'maaciw pujiiii maw bgt kapan2 üòñ', 'create_time': 1730267563, 'avatar': 'https://p16-sign-va.tiktokcdn.com/tos-maliva-avt-0068/6568d61520850f217b4d4aee40a79ff1~tplv-tiktokx-cropcenter:100:100.jpg?dr=14579&refresh_token=bcd7b31b&x-expires=1755838800&x-signature=pw37gdc8cAlcpqH1QlYsMYosvs0%3D&t=4d5b0474&ps=13740610&shp=30310797&shcp=ff37627b&idc=my', 'total_reply': None, 'replies': []}]",7418294751977327878
7419196310366094085,anakkurangpiknik,anak kurang piknik,Pinky girlü´£ü•∞,1727416265,https://p16-common-sign-useastred.tiktokcdn-eu.com/tos-useast2a-avt-0068-giso/2967a3230c9a6352e79b3e30b84eaa4e~tplv-tiktokx-cropcenter:100:100.jpg?dr=14579&refresh_token=5cc86e1d&x-expires=1755838800&x-signature=7xx%2FFW%2F68iZFNd3HgPXyxoPkGjI%3D&t=4d5b0474&ps=13740610&shp=30310797&shcp=ff37627b&idc=my,0,[],7418294751977327878
7418429285827183365,aarachman,Amin,menyalaaaa,1727237688,https://p16-sign-va.tiktokcdn.com/tos-maliva-avt-0068/1394671971553c8fe734b920a64c8954~tplv-tiktokx-cropcenter:100:100.jpg?dr=14579&refresh_token=41c3a0f3&x-expires=1755838800&x-signature=ib0jE3TDaa1Hsi7X%2FI3jeFjimE0%3D&t=4d5b0474&ps=13740610&shp=30310797&shcp=ff37627b&idc=my,0,[],7418294751977327878
7418336105004598022,ram.anakbaik,ram belum gila,ihhh lucu kaya gulali :),1727215979,https://p16-sign-sg.tiktokcdn.com/tos-alisg-avt-0068/0e8dc9158fb8f963c6fc911458563fd9~tplv-tiktokx-cropcenter:100:100.jpg?dr=14579&refresh_token=f57b5cbb&x-expires=1755838800&x-signature=7s4PFjj8KxFKH7s0tN54SpcN%2BMk%3D&t=4d5b0474&ps=13740610&shp=30310797&shcp=ff37627b&idc=my,0,[],7418294751977327878
